timestamp,name,family,age,grade
2020-02-06T02:03:34.000000000+00:00,auTr,rQ4VXkPk,54,13.989048
2020-02-06T02:13:34.000000000+00:00,GJM3,iTW3Cbse,23,16.688498
2020-02-06T02:23:34.000000000+00:00,gZBD,XKpJNXvs,70,11.689572
2020-02-06T02:33:34.000000000+00:00,Zm1E,pUHoOIDG,40,8.952759
2020-02-06T02:43:34.000000000+00:00,CZ9h,TgS6jBsH,5,2.8316379
2020-02-06T02:53:34.000000000+00:00,ZK5k,JbAmmDQW,38,3.7887335
2020-02-06T03:03:34.000000000+00:00,F1j5,eO55NvDW,71,9.058151
2020-02-06T03:13:34.000000000+00:00,UpVL,Gb2qjeje,21,18.041294
2020-02-06T03:23:34.000000000+00:00,SVkz,fGvotRFh,84,14.649094
2020-02-06T03:33:34.000000000+00:00,XOZE,3SbvmXuW,60,5.049937
2020-02-06T03:43:34.000000000+00:00,KCG3,WCkBkIRn,0,0.5744219
2020-02-06T03:53:34.000000000+00:00,nALv,CDtFparR,12,0.98579884
2020-02-06T04:03:34.000000000+00:00,MjGo,O3aBCszL,51,18.786278
2020-02-06T04:13:34.000000000+00:00,98FZ,RZYlFR8l,18,17.21758
2020-02-06T04:23:34.000000000+00:00,KaRr,ogxIx5bR,56,0.8424449
2020-02-06T04:33:34.000000000+00:00,s1Q7,W56S6kZ0,61,15.582645
2020-02-06T04:43:34.000000000+00:00,ts7T,B9XkjLvS,4,16.156244
2020-02-06T04:53:34.000000000+00:00,G10S,DHBGgdG9,55,8.048339
2020-02-06T05:03:34.000000000+00:00,lqQ0,vQL96u40,54,10.645878
2020-02-06T05:13:34.000000000+00:00,eVhb,EbaE1kWD,30,17.769634
2020-02-06T05:23:34.000000000+00:00,fZ1h,rlw6SjrB,77,14.823451
2020-02-06T05:33:34.000000000+00:00,gOVL,5zXuARXD,98,7.7951026
2020-02-06T05:43:34.000000000+00:00,GKiS,6JLhPu9C,75,17.218397
2020-02-06T05:53:34.000000000+00:00,QRiA,mKMq8zjV,54,8.079536
2020-02-06T06:03:34.000000000+00:00,Ziqd,xBfzx3gY,88,8.698967
2020-02-06T06:13:34.000000000+00:00,pICv,OJinZ3AA,13,1.6519856
2020-02-06T06:23:34.000000000+00:00,q9yK,obwI4EIm,90,3.9563107
2020-02-06T06:33:34.000000000+00:00,BWuc,8sBrSdZ4,13,18.270933
2020-02-06T06:43:34.000000000+00:00,2tnO,fMufBM2Q,25,3.0108213
2020-02-06T06:53:34.000000000+00:00,W4D5,mbngnGee,91,4.524424
2020-02-06T07:03:34.000000000+00:00,VOuq,y5ReGc8S,47,13.066511
2020-02-06T07:13:34.000000000+00:00,xC6v,Fe6M0qpn,31,19.198275
2020-02-06T07:23:34.000000000+00:00,iAVE,8iDRoUpk,28,9.242101
2020-02-06T07:33:34.000000000+00:00,PagU,SfMyamQQ,0,15.669627
2020-02-06T07:43:34.000000000+00:00,0J26,sQ2iFTul,45,19.563177
2020-02-06T07:53:34.000000000+00:00,vZFR,xAnAmntX,29,15.248154
2020-02-06T08:03:34.000000000+00:00,X7rT,Ix4Ds0kj,72,4.3416977
2020-02-06T08:13:34.000000000+00:00,sYPf,BIIUF48t,78,6.5321207
2020-02-06T08:23:34.000000000+00:00,W1h6,0tXTXXgz,82,11.798015
2020-02-06T08:33:34.000000000+00:00,a9ru,jb0CK185,29,13.576735
2020-02-06T08:43:34.000000000+00:00,2yOG,8WIcZnGx,39,7.902038
2020-02-06T08:53:34.000000000+00:00,HpxN,4L3oWGdo,49,0.93869686
2020-02-06T09:03:34.000000000+00:00,PwAP,5jthTidT,16,5.609615
2020-02-06T09:13:34.000000000+00:00,3SCN,zZTjOv4x,48,17.37439
2020-02-06T09:23:34.000000000+00:00,Xrx9,JSsfkWnE,34,7.8035784
2020-02-06T09:33:34.000000000+00:00,0GRg,Z604QJTZ,44,10.845406
2020-02-06T09:43:34.000000000+00:00,mgcx,hLNWIQZn,28,9.669104
2020-02-06T09:53:34.000000000+00:00,oUVa,pMLn8iah,23,19.028286
2020-02-06T10:03:34.000000000+00:00,LiTS,VUHd12CK,38,8.523752
2020-02-06T10:13:34.000000000+00:00,H2Ij,dqv4HHzx,29,8.5494995
2020-02-06T10:23:34.000000000+00:00,lIVb,GmNmWAmg,27,6.517155
2020-02-06T10:33:34.000000000+00:00,1dx0,nA2aqOCT,66,8.481598
2020-02-06T10:43:34.000000000+00:00,Zsk0,sz7KGCj2,6,1.6806412
2020-02-06T10:53:34.000000000+00:00,qWWc,BZKiTjPJ,5,3.3769894
2020-02-06T11:03:34.000000000+00:00,JMeG,g5Bhw62B,10,9.951876
2020-02-06T11:13:34.000000000+00:00,p7o6,8rDqA0V6,74,16.98736
2020-02-06T11:23:34.000000000+00:00,Q3nY,f5fvrv4M,29,19.084814
2020-02-06T11:33:34.000000000+00:00,zSTd,RhKJHDEA,71,17.176102
2020-02-06T11:43:34.000000000+00:00,FGBc,eEHXPM2J,88,6.0178924
2020-02-06T11:53:34.000000000+00:00,Bfen,d4IM8b7S,3,2.7162862
2020-02-06T12:03:34.000000000+00:00,FU5z,MfL4r1GF,82,18.562086
2020-02-06T12:13:34.000000000+00:00,mPkA,KhCt7FaA,38,2.9156494
2020-02-06T12:23:34.000000000+00:00,Fm3H,Uz1JSh2L,18,10.491009
2020-02-06T12:33:34.000000000+00:00,b54e,Ltiqcl3i,31,6.512344
2020-02-06T12:43:34.000000000+00:00,y6yz,W6pj9TaK,53,9.387674
2020-02-06T12:53:34.000000000+00:00,Hxag,F9o9JAZi,51,4.3179107
2020-02-06T13:03:34.000000000+00:00,sPQR,zwwhYGLr,10,1.9706869
2020-02-06T13:13:34.000000000+00:00,D7R6,Xmr9nzgT,57,1.9048309
2020-02-06T13:23:34.000000000+00:00,cIor,TfGi2afJ,86,1.9265795
2020-02-06T13:33:34.000000000+00:00,Nipk,bV9RBIwM,43,7.5804114
2020-02-06T13:43:34.000000000+00:00,nj6L,ezkzIm1M,95,5.1417446
2020-02-06T13:53:34.000000000+00:00,jzyA,OMiv602q,47,4.22523
2020-02-06T14:03:34.000000000+00:00,9PZc,T02rXAYF,14,2.4896884
2020-02-06T14:13:34.000000000+00:00,IBca,zlAfQDHx,27,2.652173
2020-02-06T14:23:34.000000000+00:00,7KO6,CU8J0J9V,44,6.5105987
2020-02-06T14:33:34.000000000+00:00,nP62,z8KW8Mvt,42,8.364632
2020-02-06T14:43:34.000000000+00:00,1Nxe,PvGRGvdw,71,2.2312045
2020-02-06T14:53:34.000000000+00:00,VWQO,BKK4low6,44,18.48277
2020-02-06T15:03:34.000000000+00:00,rYIs,dx6pRa2f,51,11.244585
2020-02-06T15:13:34.000000000+00:00,VxCo,wPpklZDE,72,5.7648134
2020-02-06T15:23:34.000000000+00:00,zweq,Gv71bIIa,28,18.070927
2020-02-06T15:33:34.000000000+00:00,0dXb,nPELsvU8,6,4.620807
2020-02-06T15:43:34.000000000+00:00,9epM,MJ648XGa,54,16.467575
2020-02-06T15:53:34.000000000+00:00,mXsD,wOSWm1IF,2,17.918991
2020-02-06T16:03:34.000000000+00:00,6zmm,dPjbB4PR,87,6.515231
2020-02-06T16:13:34.000000000+00:00,hZAl,DTVMrZ0i,44,16.763783
2020-02-06T16:23:34.000000000+00:00,u3Di,PNmhJLyd,77,9.838548
2020-02-06T16:33:34.000000000+00:00,YNIe,Yl6JpP8N,64,18.723656
2020-02-06T16:43:34.000000000+00:00,uxOh,FeZr4ei1,81,14.914829
2020-02-06T16:53:34.000000000+00:00,zPQ1,rOSQeYUk,3,8.566998
2020-02-06T17:03:34.000000000+00:00,n0al,btO1DDfZ,11,1.5393829
2020-02-06T17:13:34.000000000+00:00,xYYU,25DFXIOp,53,8.913555
2020-02-06T17:23:34.000000000+00:00,tiOJ,yON49AOZ,65,2.944119
2020-02-06T17:33:34.000000000+00:00,raOp,rzWQSV47,98,13.347885
2020-02-06T17:43:34.000000000+00:00,WxMH,1ijJGqmG,93,14.677839
2020-02-06T17:53:34.000000000+00:00,rDfd,rzOIykzn,27,4.733963
2020-02-06T18:03:34.000000000+00:00,ubzx,mGebsadk,86,3.764925
2020-02-06T18:13:34.000000000+00:00,LloY,m5skNHo7,84,18.147923
2020-02-06T18:23:34.000000000+00:00,I6yb,KJgxYSGr,25,4.784074
2020-02-06T18:33:34.000000000+00:00,RNDP,ht1muC4e,99,0.42355776
